creator,segment,video_title,upload_date,duration_min,views,likes,comments,subscriber_proxy,creator_consistency_trait,base_interval_days,upload_interval_days,engagement_rate,views_per_minute,rolling_avg_views_3,rolling_avg_engagement_3,consistency_index,consistency_group
DataNook,education,DataNook Episode 1,2025-12-23,24.7,148403,13923,1035,168637,0.781,3.32,,0.10079311065140192,6008.218623481782,148403.0,0.10079311065140192,0.2937880253336255,High consistency
DataNook,education,DataNook Episode 2,2025-12-24,31.3,157180,12833,1816,168637,0.781,3.32,1.0,0.09319888026466472,5021.725239616613,152791.5,0.09699599545803332,0.2937880253336255,High consistency
DataNook,education,DataNook Episode 3,2025-12-25,29.2,104027,5981,1253,168637,0.781,3.32,1.0,0.06953963874763283,3562.568493150685,136536.66666666666,0.08784387655456649,0.2937880253336255,High consistency
DataNook,education,DataNook Episode 4,2025-12-26,24.2,72958,5294,900,168637,0.781,3.32,1.0,0.08489816058554236,3014.793388429752,111388.33333333333,0.08254555986594664,0.2937880253336255,High consistency
DataNook,education,DataNook Episode 5,2025-12-27,26.3,132855,10478,1086,168637,0.781,3.32,1.0,0.08704226412253961,5051.5209125475285,103280.0,0.08049335448523827,0.2937880253336255,High consistency
DataNook,education,DataNook Episode 6,2026-01-01,28.8,102536,9209,1136,168637,0.781,3.32,5.0,0.10089139424202231,3560.277777777778,102783.0,0.09094393965003476,0.2937880253336255,High consistency
DataNook,education,DataNook Episode 7,2026-01-07,28.9,140271,11755,1279,168637,0.781,3.32,6.0,0.09292013317079083,4853.667820069204,125220.66666666667,0.09361793051178424,0.2937880253336255,High consistency
DataNook,education,DataNook Episode 8,2026-01-08,28.9,166048,12305,1173,168637,0.781,3.32,1.0,0.08116930044324533,5745.60553633218,136285.0,0.09166027595201949,0.2937880253336255,High consistency
DataNook,education,DataNook Episode 9,2026-01-13,27.8,139428,8632,956,168637,0.781,3.32,5.0,0.06876667527325932,5015.395683453237,148582.33333333334,0.08095203629576515,0.2937880253336255,High consistency
DataNook,education,DataNook Episode 10,2026-01-17,23.0,154625,9358,1782,168637,0.781,3.32,4.0,0.07204527081649151,6722.826086956522,153367.0,0.07399374884433206,0.2937880253336255,High consistency
DataNook,education,DataNook Episode 11,2026-01-25,23.4,72758,7650,632,168637,0.781,3.32,8.0,0.11382940707551059,3109.3162393162397,122270.33333333333,0.08488045105508714,0.2937880253336255,High consistency
DataNook,education,DataNook Episode 12,2026-01-31,26.9,111074,10736,1368,168637,0.781,3.32,6.0,0.1089723967805247,4129.14498141264,112819.0,0.0982823582241756,0.2937880253336255,High consistency
DataNook,education,DataNook Episode 13,2026-02-02,22.2,166036,13987,1496,168637,0.781,3.32,2.0,0.09325086125900407,7479.0990990990995,116622.66666666667,0.10535088837167979,0.2937880253336255,High consistency
DataNook,education,DataNook Episode 14,2026-02-03,24.7,178725,11152,1687,168637,0.781,3.32,1.0,0.07183662050636452,7235.829959514171,151945.0,0.0913532928486311,0.2937880253336255,High consistency
DataNook,education,DataNook Episode 15,2026-02-05,25.7,79617,4997,562,168637,0.781,3.32,2.0,0.06982177173216775,3097.9377431906614,141459.33333333334,0.07830308449917879,0.2937880253336255,High consistency
DataNook,education,DataNook Episode 16,2026-02-11,24.3,149281,13943,1495,168637,0.781,3.32,6.0,0.10341570595052284,6143.251028806584,135874.33333333334,0.08169136606301837,0.2937880253336255,High consistency
DataNook,education,DataNook Episode 17,2026-02-15,25.2,112146,11146,868,168637,0.781,3.32,4.0,0.10712820787188129,4450.238095238095,113681.33333333333,0.09345522851819062,0.2937880253336255,High consistency
DataNook,education,DataNook Episode 18,2026-02-17,27.8,198141,11406,2469,168637,0.781,3.32,2.0,0.07002589065362545,7127.374100719424,153189.33333333334,0.09352326815867652,0.2937880253336255,High consistency
DataNook,education,DataNook Episode 19,2026-02-20,26.9,275455,22729,2839,168637,0.781,3.32,3.0,0.09282096894229548,10239.962825278812,195247.33333333334,0.08999168915593407,0.2937880253336255,High consistency
DataNook,education,DataNook Episode 20,2026-02-25,25.8,165355,13091,1702,168637,0.781,3.32,5.0,0.08946206646306432,6409.1085271317825,212983.66666666666,0.08410297535299509,0.2937880253336255,High consistency
DataNook,education,DataNook Episode 21,2026-03-01,30.1,84249,5955,1039,168637,0.781,3.32,4.0,0.08301582214625693,2798.970099667774,175019.66666666666,0.08843295251720558,0.2937880253336255,High consistency
DataNook,education,DataNook Episode 22,2026-03-06,26.7,194048,15373,1988,168637,0.781,3.32,5.0,0.08946755441952507,7267.715355805243,147884.0,0.08731514767628211,0.2937880253336255,High consistency
DataNook,education,DataNook Episode 23,2026-03-16,21.6,120429,8939,1206,168637,0.781,3.32,10.0,0.08424050685466125,5575.416666666666,132908.66666666666,0.08557462780681442,0.2937880253336255,High consistency
DataNook,education,DataNook Episode 24,2026-03-17,22.8,87130,9109,1094,168637,0.781,3.32,1.0,0.1171008837369448,3821.491228070175,133869.0,0.09693631500371037,0.2937880253336255,High consistency
DataNook,education,DataNook Episode 25,2026-03-24,27.5,114301,11054,1218,168637,0.781,3.32,7.0,0.10736563984567064,4156.4,107286.66666666667,0.10290234347909222,0.2937880253336255,High consistency
DataNook,education,DataNook Episode 26,2026-03-25,35.2,100083,10154,1153,168637,0.781,3.32,1.0,0.11297622972932465,2843.267045454545,100504.66666666667,0.11248091777064671,0.2937880253336255,High consistency
DataNook,education,DataNook Episode 27,2026-03-29,19.2,214375,21280,1417,168637,0.781,3.32,4.0,0.10587521865889213,11165.364583333334,142919.66666666666,0.1087390294112958,0.2937880253336255,High consistency
DataNook,education,DataNook Episode 28,2026-04-03,34.9,84689,6381,970,168637,0.781,3.32,5.0,0.08679993859887353,2426.6189111747854,133049.0,0.10188379566236344,0.2937880253336255,High consistency
DataNook,education,DataNook Episode 29,2026-04-07,17.2,223471,21921,2598,168637,0.781,3.32,4.0,0.10971893444787019,12992.5,174178.33333333334,0.10079803056854529,0.2937880253336255,High consistency
DataNook,education,DataNook Episode 30,2026-04-10,32.6,154121,11902,1241,168637,0.781,3.32,3.0,0.08527715236729583,4727.638036809816,154093.66666666666,0.09393200847134651,0.2937880253336255,High consistency
DeepTalks,podcast,DeepTalks Episode 1,2025-07-26,33.9,125380,5003,1250,232735,0.809,8.32,,0.049872387940660394,3698.525073746313,125380.0,0.049872387940660394,0.14556708209428668,High consistency
DeepTalks,podcast,DeepTalks Episode 2,2025-08-05,35.9,162017,8417,1705,232735,0.809,8.32,10.0,0.06247492547078393,4513.008356545961,143698.5,0.056173656705722164,0.14556708209428668,High consistency
DeepTalks,podcast,DeepTalks Episode 3,2025-08-06,30.7,113803,4921,1103,232735,0.809,8.32,1.0,0.05293357820092616,3706.938110749186,133733.33333333334,0.05509363053745683,0.14556708209428668,High consistency
DeepTalks,podcast,DeepTalks Episode 4,2025-08-20,35.1,80104,4250,784,232735,0.809,8.32,14.0,0.06284330370518326,2282.165242165242,118641.33333333333,0.05941726912563111,0.14556708209428668,High consistency
DeepTalks,podcast,DeepTalks Episode 5,2025-08-27,31.4,191602,7478,1966,232735,0.809,8.32,7.0,0.049289673385455264,6101.974522292994,128503.0,0.05502218509718823,0.14556708209428668,High consistency
DeepTalks,podcast,DeepTalks Episode 6,2025-09-07,37.2,95902,4583,958,232735,0.809,8.32,11.0,0.057777731434172384,2578.010752688172,122536.0,0.05663690284160364,0.14556708209428668,High consistency
DeepTalks,podcast,DeepTalks Episode 7,2025-09-28,31.0,158164,8737,1489,232735,0.809,8.32,21.0,0.0646544093472598,5102.064516129032,148556.0,0.057240604722295814,0.14556708209428668,High consistency
DeepTalks,podcast,DeepTalks Episode 8,2025-10-06,30.3,156652,6790,1171,232735,0.809,8.32,8.0,0.050819651201389066,5170.03300330033,136906.0,0.05775059732760709,0.14556708209428668,High consistency
DeepTalks,podcast,DeepTalks Episode 9,2025-10-12,24.2,142888,9230,916,232735,0.809,8.32,6.0,0.07100666256088685,5904.462809917355,152568.0,0.06216024103651191,0.14556708209428668,High consistency
DeepTalks,podcast,DeepTalks Episode 10,2025-10-13,40.6,151984,7768,1361,232735,0.809,8.32,1.0,0.060065533214022526,3743.448275862069,150508.0,0.06063061565876615,0.14556708209428668,High consistency
DeepTalks,podcast,DeepTalks Episode 11,2025-10-14,33.6,166846,10652,1583,232735,0.809,8.32,1.0,0.0733310957409827,4965.6547619047615,153906.0,0.06813443050529737,0.14556708209428668,High consistency
DeepTalks,podcast,DeepTalks Episode 12,2025-10-15,36.7,96215,5124,859,232735,0.809,8.32,1.0,0.062183651197838176,2621.6621253405992,138348.33333333334,0.06519342671761448,0.14556708209428668,High consistency
DeepTalks,podcast,DeepTalks Episode 13,2025-10-20,41.1,207825,13287,1676,232735,0.809,8.32,5.0,0.07199807530374112,5056.569343065693,156962.0,0.06917094074752066,0.14556708209428668,High consistency
DeepTalks,podcast,DeepTalks Episode 14,2025-11-06,30.5,90264,5934,922,232735,0.809,8.32,17.0,0.07595497651333866,2959.4754098360654,131434.66666666666,0.07004556767163932,0.14556708209428668,High consistency
DeepTalks,podcast,DeepTalks Episode 15,2025-11-12,33.4,163535,7824,958,232735,0.809,8.32,6.0,0.0537010425902712,4896.257485029941,153874.66666666666,0.06721803146911699,0.14556708209428668,High consistency
DeepTalks,podcast,DeepTalks Episode 16,2025-11-27,38.6,122431,7368,683,232735,0.809,8.32,15.0,0.06575948901830418,3171.7875647668393,125410.0,0.06513850270730469,0.14556708209428668,High consistency
DeepTalks,podcast,DeepTalks Episode 17,2025-12-21,28.0,135071,8612,1011,232735,0.809,8.32,24.0,0.07124401240828897,4823.964285714285,140345.66666666666,0.06356818133895478,0.14556708209428668,High consistency
DeepTalks,podcast,DeepTalks Episode 18,2025-12-31,24.8,131576,7656,1062,232735,0.809,8.32,10.0,0.06625828418556576,5305.4838709677415,129692.66666666667,0.06775392853738631,0.14556708209428668,High consistency
DeepTalks,podcast,DeepTalks Episode 19,2026-01-05,31.8,252227,12221,2685,232735,0.809,8.32,5.0,0.059097558944918666,7931.666666666666,172958.0,0.06553328517959113,0.14556708209428668,High consistency
DeepTalks,podcast,DeepTalks Episode 20,2026-01-16,25.6,133168,7110,1208,232735,0.809,8.32,11.0,0.06246245344226841,5201.875,172323.66666666666,0.06260609885758428,0.14556708209428668,High consistency
DeepTalks,podcast,DeepTalks Episode 21,2026-01-21,31.8,93802,6201,783,232735,0.809,8.32,5.0,0.07445470245836976,2949.748427672956,159732.33333333334,0.06533823828185227,0.14556708209428668,High consistency
DeepTalks,podcast,DeepTalks Episode 22,2026-01-26,27.6,165842,6252,1613,232735,0.809,8.32,5.0,0.047424657203844624,6008.768115942029,130937.33333333333,0.06144727103482759,0.14556708209428668,High consistency
DeepTalks,podcast,DeepTalks Episode 23,2026-01-31,34.1,111265,4615,641,232735,0.809,8.32,5.0,0.047238574574214716,3262.9032258064517,123636.33333333333,0.056372644745476354,0.14556708209428668,High consistency
DeepTalks,podcast,DeepTalks Episode 24,2026-02-11,32.4,150388,7957,891,232735,0.809,8.32,11.0,0.05883448147458574,4641.6049382716055,142498.33333333334,0.05116590441754836,0.14556708209428668,High consistency
DeepTalks,podcast,DeepTalks Episode 25,2026-02-21,31.8,159970,7858,1245,232735,0.809,8.32,10.0,0.056904419578671,5030.503144654088,140541.0,0.05432582520915715,0.14556708209428668,High consistency
DeepTalks,podcast,DeepTalks Episode 26,2026-03-10,40.6,153519,6201,1008,232735,0.809,8.32,17.0,0.04695835694604577,3781.256157635468,154625.66666666666,0.054232419333100836,0.14556708209428668,High consistency
DeepTalks,podcast,DeepTalks Episode 27,2026-03-17,26.1,178948,8615,1020,232735,0.809,8.32,7.0,0.053842457026622256,6856.245210727969,164145.66666666666,0.052568411183779674,0.14556708209428668,High consistency
DeepTalks,podcast,DeepTalks Episode 28,2026-03-26,29.2,108853,6262,1003,232735,0.809,8.32,9.0,0.06674138517082671,3727.8424657534247,147106.66666666666,0.05584739971449824,0.14556708209428668,High consistency
DeepTalks,podcast,DeepTalks Episode 29,2026-03-30,36.7,85696,3327,857,232735,0.809,8.32,4.0,0.04882374906646751,2335.0408719346046,124499.0,0.056469197087972156,0.14556708209428668,High consistency
DeepTalks,podcast,DeepTalks Episode 30,2026-04-10,27.5,110487,6143,760,232735,0.809,8.32,11.0,0.06247793858100953,4017.7090909090907,101678.66666666667,0.05934769093943459,0.14556708209428668,High consistency
InsightLab,education,InsightLab Episode 1,2025-08-02,10.6,192988,6159,1296,272278,0.625,9.66,,0.03862934482973034,18206.415094339623,192988.0,0.03862934482973034,0.0972537572497892,Low consistency
InsightLab,education,InsightLab Episode 2,2025-08-09,4.0,228342,11357,1475,272278,0.625,9.66,7.0,0.05619640714367046,57085.5,210665.0,0.0474128759867004,0.0972537572497892,Low consistency
InsightLab,education,InsightLab Episode 3,2025-08-19,13.3,116346,3744,414,272278,0.625,9.66,10.0,0.035738229075344234,8747.81954887218,179225.33333333334,0.04352132701624834,0.0972537572497892,Low consistency
InsightLab,education,InsightLab Episode 4,2025-08-22,10.4,149549,5493,648,272278,0.625,9.66,3.0,0.04106346414887428,14379.711538461537,164745.66666666666,0.04433270012262966,0.0972537572497892,Low consistency
InsightLab,education,InsightLab Episode 5,2025-08-30,7.3,150390,6070,585,272278,0.625,9.66,8.0,0.04425161247423366,20601.3698630137,138761.66666666666,0.040351101899484064,0.0972537572497892,Low consistency
InsightLab,education,InsightLab Episode 6,2025-08-31,14.9,227372,6664,1540,272278,0.625,9.66,1.0,0.03608183945252714,15259.86577181208,175770.33333333334,0.04046563869187836,0.0972537572497892,Low consistency
InsightLab,education,InsightLab Episode 7,2025-09-02,6.2,98396,4353,580,272278,0.625,9.66,2.0,0.050134151794788404,15870.322580645161,158719.33333333334,0.0434892012405164,0.0972537572497892,Low consistency
InsightLab,education,InsightLab Episode 8,2025-09-15,12.6,237834,6968,1101,272278,0.625,9.66,13.0,0.03392702473153544,18875.714285714286,187867.33333333334,0.040047671992950326,0.0972537572497892,Low consistency
InsightLab,education,InsightLab Episode 9,2025-10-06,4.0,105898,3695,478,272278,0.625,9.66,21.0,0.03940584335870366,26474.5,147376.0,0.04115567329500917,0.0972537572497892,Low consistency
InsightLab,education,InsightLab Episode 10,2025-10-09,15.1,226986,9671,1460,272278,0.625,9.66,3.0,0.049038266677240004,15032.185430463576,190239.33333333334,0.04079037825582637,0.0972537572497892,Low consistency
InsightLab,education,InsightLab Episode 11,2025-10-13,4.4,228142,10384,1214,272278,0.625,9.66,4.0,0.050836759562027156,51850.454545454544,187008.66666666666,0.04642695653265694,0.0972537572497892,Low consistency
InsightLab,education,InsightLab Episode 12,2025-10-24,9.2,250129,9808,1299,272278,0.625,9.66,11.0,0.044405086975120835,27187.934782608696,235085.66666666666,0.048093371071462665,0.0972537572497892,Low consistency
InsightLab,education,InsightLab Episode 13,2025-11-07,7.6,125111,3539,698,272278,0.625,9.66,14.0,0.03386592705677358,16461.973684210527,201127.33333333334,0.04303592453130719,0.0972537572497892,Low consistency
InsightLab,education,InsightLab Episode 14,2025-12-17,9.3,123386,4881,802,272278,0.625,9.66,40.0,0.046058710064350895,13267.311827956988,166208.66666666666,0.0414432413654151,0.0972537572497892,Low consistency
InsightLab,education,InsightLab Episode 15,2026-01-03,6.9,239125,7880,878,272278,0.625,9.66,17.0,0.036625196027182436,34655.79710144927,162540.66666666666,0.038849944382768974,0.0972537572497892,Low consistency
InsightLab,education,InsightLab Episode 16,2026-01-05,4.0,156658,4912,1031,272278,0.625,9.66,2.0,0.03793614114823373,39164.5,173056.33333333334,0.040206682413255694,0.0972537572497892,Low consistency
InsightLab,education,InsightLab Episode 17,2026-01-06,12.1,260453,12119,1054,272278,0.625,9.66,1.0,0.050577263460202034,21525.04132231405,218745.33333333334,0.0417128668785394,0.0972537572497892,Low consistency
InsightLab,education,InsightLab Episode 18,2026-01-07,15.4,266233,10726,1641,272278,0.625,9.66,1.0,0.04645179222710934,17287.85714285714,227781.33333333334,0.044988398945181696,0.0972537572497892,Low consistency
InsightLab,education,InsightLab Episode 19,2026-01-08,8.0,302188,14163,1917,272278,0.625,9.66,1.0,0.05321190781897362,37773.5,276291.3333333333,0.05008032116876166,0.0972537572497892,Low consistency
InsightLab,education,InsightLab Episode 20,2026-01-13,12.9,112356,4450,543,272278,0.625,9.66,5.0,0.04443910427569511,8709.767441860466,226925.66666666666,0.04803426810725936,0.0972537572497892,Low consistency
InsightLab,education,InsightLab Episode 21,2026-01-14,7.6,169877,8463,766,272278,0.625,9.66,1.0,0.05432754286925246,22352.236842105263,194807.0,0.05065951832130707,0.0972537572497892,Low consistency
InsightLab,education,InsightLab Episode 22,2026-02-02,8.1,203395,8980,945,272278,0.625,9.66,19.0,0.048796676417807716,25110.493827160495,161876.0,0.04918777452091844,0.0972537572497892,Low consistency
InsightLab,education,InsightLab Episode 23,2026-02-23,9.5,161099,5522,569,272278,0.625,9.66,21.0,0.037809049094035346,16957.78947368421,178123.66666666666,0.046977756127031846,0.0972537572497892,Low consistency
InsightLab,education,InsightLab Episode 24,2026-02-24,4.0,224896,8866,806,272278,0.625,9.66,1.0,0.0430065452475811,56224.0,196463.33333333334,0.04320409025314139,0.0972537572497892,Low consistency
InsightLab,education,InsightLab Episode 25,2026-02-25,12.0,156256,4839,793,272278,0.625,9.66,1.0,0.03604341593282818,13021.333333333334,180750.33333333334,0.03895300342481487,0.0972537572497892,Low consistency
InsightLab,education,InsightLab Episode 26,2026-02-28,8.3,305990,10179,1745,272278,0.625,9.66,3.0,0.03896859374489362,36866.26506024096,229047.33333333334,0.0393395183084343,0.0972537572497892,Low consistency
InsightLab,education,InsightLab Episode 27,2026-03-03,5.7,257599,9334,1434,272278,0.625,9.66,3.0,0.04180140450855788,45192.807017543855,239948.33333333334,0.03893780472875989,0.0972537572497892,Low consistency
InsightLab,education,InsightLab Episode 28,2026-03-06,13.4,240685,9676,894,272278,0.625,9.66,3.0,0.04391632216382409,17961.567164179105,268091.3333333333,0.041562106805758524,0.0972537572497892,Low consistency
InsightLab,education,InsightLab Episode 29,2026-03-28,7.1,144878,4131,786,272278,0.625,9.66,22.0,0.033938900316128055,20405.352112676057,214387.33333333334,0.03988554232950334,0.0972537572497892,Low consistency
InsightLab,education,InsightLab Episode 30,2026-04-10,14.2,260998,7293,1345,272278,0.625,9.66,13.0,0.03309603905010766,18380.140845070422,215520.33333333334,0.03698375384335326,0.0972537572497892,Low consistency
LearnSphere,education,LearnSphere Episode 1,2025-07-17,7.4,69378,5138,461,110566,0.536,7.52,,0.08070281645478394,9375.405405405405,69378.0,0.08070281645478394,0.11989561948741302,Low consistency
LearnSphere,education,LearnSphere Episode 2,2025-08-03,12.4,101582,8195,1027,110566,0.536,7.52,17.0,0.0907838002795771,8192.096774193547,85480.0,0.08574330836718053,0.11989561948741302,Low consistency
LearnSphere,education,LearnSphere Episode 3,2025-08-04,17.8,74330,6703,593,110566,0.536,7.52,1.0,0.09815686802098748,4175.842696629214,81763.33333333333,0.08988116158511616,0.11989561948741302,Low consistency
LearnSphere,education,LearnSphere Episode 4,2025-08-23,14.4,50295,4914,344,110566,0.536,7.52,19.0,0.10454319514862312,3492.708333333333,75402.33333333333,0.09782795448306257,0.11989561948741302,Low consistency
LearnSphere,education,LearnSphere Episode 5,2025-09-08,11.9,51583,5621,539,110566,0.536,7.52,16.0,0.11941918849233274,4334.705882352941,58736.0,0.10737308388731444,0.11989561948741302,Low consistency
LearnSphere,education,LearnSphere Episode 6,2025-09-09,11.0,105139,8357,571,110566,0.536,7.52,1.0,0.0849161586090794,9558.09090909091,69005.66666666667,0.10295951408334508,0.11989561948741302,Low consistency
LearnSphere,education,LearnSphere Episode 7,2025-09-23,11.1,109714,11460,759,110566,0.536,7.52,14.0,0.11137138377964526,9884.144144144144,88812.0,0.10523557696035246,0.11989561948741302,Low consistency
LearnSphere,education,LearnSphere Episode 8,2025-09-24,15.4,69079,7209,486,110566,0.536,7.52,1.0,0.11139420084251364,4485.649350649351,94644.0,0.10256058107707944,0.11989561948741302,Low consistency
LearnSphere,education,LearnSphere Episode 9,2025-10-06,12.8,112129,10802,941,110566,0.536,7.52,12.0,0.10472759054303525,8760.078125,96974.0,0.10916439172173138,0.11989561948741302,Low consistency
LearnSphere,education,LearnSphere Episode 10,2025-11-02,5.5,41074,3785,437,110566,0.536,7.52,27.0,0.10279008618590836,7468.0,74094.0,0.10630395919048576,0.11989561948741302,Low consistency
LearnSphere,education,LearnSphere Episode 11,2025-11-03,12.0,106723,10528,968,110566,0.536,7.52,1.0,0.10771811137243144,8893.583333333334,86642.0,0.10507859603379167,0.11989561948741302,Low consistency
LearnSphere,education,LearnSphere Episode 12,2025-11-14,6.0,98391,7766,680,110566,0.536,7.52,11.0,0.08584118466119868,16398.5,82062.66666666667,0.09878312740651284,0.11989561948741302,Low consistency
LearnSphere,education,LearnSphere Episode 13,2025-11-24,14.3,113244,12182,915,110566,0.536,7.52,10.0,0.11565292642435802,7919.160839160839,106119.33333333333,0.10307074081932939,0.11989561948741302,Low consistency
LearnSphere,education,LearnSphere Episode 14,2025-11-25,14.3,81140,8246,716,110566,0.536,7.52,1.0,0.11045107222085285,5674.125874125873,97591.66666666667,0.10398172776880317,0.11989561948741302,Low consistency
LearnSphere,education,LearnSphere Episode 15,2025-12-06,16.5,115391,8980,848,110566,0.536,7.52,11.0,0.08517128718877555,6993.393939393939,103258.33333333333,0.10375842861132882,0.11989561948741302,Low consistency
LearnSphere,education,LearnSphere Episode 16,2025-12-16,15.0,54117,4884,299,110566,0.536,7.52,10.0,0.09577397121052535,3607.8,83549.33333333333,0.09713211020671791,0.11989561948741302,Low consistency
LearnSphere,education,LearnSphere Episode 17,2025-12-27,23.3,69171,6287,381,110566,0.536,7.52,11.0,0.09639877983548019,2968.7124463519312,79559.66666666667,0.09244801274492703,0.11989561948741302,Low consistency
LearnSphere,education,LearnSphere Episode 18,2026-01-09,4.0,48493,4989,352,110566,0.536,7.52,13.0,0.11013960777844226,12123.25,57260.333333333336,0.10077078627481593,0.11989561948741302,Low consistency
LearnSphere,education,LearnSphere Episode 19,2026-01-10,12.0,280900,18190,1580,110566,0.536,7.52,1.0,0.07038091847632609,23408.333333333332,132854.66666666666,0.09230643536341616,0.11989561948741302,Low consistency
LearnSphere,education,LearnSphere Episode 20,2026-01-11,6.3,87231,7702,763,110566,0.536,7.52,1.0,0.09704118948538937,13846.190476190477,138874.66666666666,0.09252057191338592,0.11989561948741302,Low consistency
LearnSphere,education,LearnSphere Episode 21,2026-01-27,4.0,105914,7874,815,110566,0.536,7.52,16.0,0.08203825745416092,26478.5,158015.0,0.08315345513862545,0.11989561948741302,Low consistency
LearnSphere,education,LearnSphere Episode 22,2026-02-06,12.6,55287,3408,580,110566,0.536,7.52,10.0,0.07213268942065947,4387.857142857143,82810.66666666667,0.0837373787867366,0.11989561948741302,Low consistency
LearnSphere,education,LearnSphere Episode 23,2026-02-15,14.2,84524,5858,522,110566,0.536,7.52,9.0,0.07548152004164498,5952.394366197183,81908.33333333333,0.07655082230548844,0.11989561948741302,Low consistency
LearnSphere,education,LearnSphere Episode 24,2026-02-16,16.0,67157,5960,615,110566,0.536,7.52,1.0,0.09790490939142606,4197.3125,68989.33333333333,0.08183970628457683,0.11989561948741302,Low consistency
LearnSphere,education,LearnSphere Episode 25,2026-03-09,5.4,113592,11189,944,110566,0.536,7.52,21.0,0.10681209944362278,21035.555555555555,88424.33333333333,0.0933995096255646,0.11989561948741302,Low consistency
LearnSphere,education,LearnSphere Episode 26,2026-03-19,16.3,102739,8429,685,110566,0.536,7.52,10.0,0.08871022688560333,6303.006134969325,94496.0,0.09780907857355071,0.11989561948741302,Low consistency
LearnSphere,education,LearnSphere Episode 27,2026-03-20,18.0,49190,3263,275,110566,0.536,7.52,1.0,0.07192518804635088,2732.777777777778,88507.0,0.08914917145852568,0.11989561948741302,Low consistency
LearnSphere,education,LearnSphere Episode 28,2026-04-05,8.2,50405,5271,459,110566,0.536,7.52,16.0,0.11367919849221307,6146.951219512196,67444.66666666667,0.09143820447472244,0.11989561948741302,Low consistency
LearnSphere,education,LearnSphere Episode 29,2026-04-09,7.1,93177,7904,584,110566,0.536,7.52,4.0,0.09109544200822091,13123.521126760565,64257.333333333336,0.09223327618226163,0.11989561948741302,Low consistency
LearnSphere,education,LearnSphere Episode 30,2026-04-10,11.4,85471,6919,738,110566,0.536,7.52,1.0,0.0895859414304267,7497.456140350877,76351.0,0.09812019397695355,0.11989561948741302,Low consistency
MindMosaic,podcast,MindMosaic Episode 1,2025-10-17,27.3,231615,13702,2470,269457,0.46,4.7,,0.06982276622843944,8484.065934065933,231615.0,0.06982276622843944,0.13492747102168393,Low consistency
MindMosaic,podcast,MindMosaic Episode 2,2025-10-18,31.0,272649,13961,3421,269457,0.46,4.7,1.0,0.06375229690921294,8795.129032258064,252132.0,0.06678753156882619,0.13492747102168393,Low consistency
MindMosaic,podcast,MindMosaic Episode 3,2025-10-28,22.9,132209,8133,1298,269457,0.46,4.7,10.0,0.0713340241587184,5773.318777292577,212157.66666666666,0.06830302909879025,0.13492747102168393,Low consistency
MindMosaic,podcast,MindMosaic Episode 4,2025-11-16,26.2,169094,7711,2131,269457,0.46,4.7,19.0,0.05820431239428957,6453.9694656488555,191317.33333333334,0.06443021115407364,0.13492747102168393,Low consistency
MindMosaic,podcast,MindMosaic Episode 5,2025-11-25,21.4,235627,11140,3349,269457,0.46,4.7,9.0,0.061491255246639814,11010.607476635514,178976.66666666666,0.0636765305998826,0.13492747102168393,Low consistency
MindMosaic,podcast,MindMosaic Episode 6,2025-11-26,19.3,194474,11496,3417,269457,0.46,4.7,1.0,0.07668377263798759,10076.373056994818,199731.66666666666,0.06545978009297232,0.13492747102168393,Low consistency
MindMosaic,podcast,MindMosaic Episode 7,2025-12-01,21.7,318736,12539,4327,269457,0.46,4.7,5.0,0.05291526529792681,14688.294930875576,249612.33333333334,0.06369676439418474,0.13492747102168393,Low consistency
MindMosaic,podcast,MindMosaic Episode 8,2025-12-02,29.5,217553,10546,3495,269457,0.46,4.7,1.0,0.06454059470565793,7374.677966101695,243587.66666666666,0.06471321088052412,0.13492747102168393,Low consistency
MindMosaic,podcast,MindMosaic Episode 9,2025-12-04,25.9,239805,12404,2712,269457,0.46,4.7,2.0,0.06303454890431809,9258.880308880309,258698.0,0.06016346963596761,0.13492747102168393,Low consistency
MindMosaic,podcast,MindMosaic Episode 10,2025-12-05,34.9,259599,16484,3991,269457,0.46,4.7,1.0,0.07887164434377636,7438.36676217765,238985.66666666666,0.06881559598458413,0.13492747102168393,Low consistency
MindMosaic,podcast,MindMosaic Episode 11,2025-12-14,29.1,172989,7030,3009,269457,0.46,4.7,9.0,0.05803259166767829,5944.639175257732,224131.0,0.06664626163859091,0.13492747102168393,Low consistency
MindMosaic,podcast,MindMosaic Episode 12,2026-01-03,18.2,101570,6944,1332,269457,0.46,4.7,20.0,0.08148075219060746,5580.769230769231,178052.66666666666,0.07279499606735404,0.13492747102168393,Low consistency
MindMosaic,podcast,MindMosaic Episode 13,2026-01-17,26.9,239670,14699,3928,269457,0.46,4.7,14.0,0.0777193641256728,8909.665427509293,171409.66666666666,0.07241090266131951,0.13492747102168393,Low consistency
MindMosaic,podcast,MindMosaic Episode 14,2026-01-19,19.4,236650,14208,3970,269457,0.46,4.7,2.0,0.07681386013099514,12198.453608247424,192630.0,0.07867132548242513,0.13492747102168393,Low consistency
MindMosaic,podcast,MindMosaic Episode 15,2026-01-23,25.7,159857,11123,2819,269457,0.46,4.7,4.0,0.08721544880737159,6220.11673151751,212059.0,0.08058289102134651,0.13492747102168393,Low consistency
MindMosaic,podcast,MindMosaic Episode 16,2026-02-04,17.7,107980,6529,1886,269457,0.46,4.7,12.0,0.07793109835154659,6100.5649717514125,168162.33333333334,0.08065346909663777,0.13492747102168393,Low consistency
MindMosaic,podcast,MindMosaic Episode 17,2026-02-05,27.4,281463,10914,4335,269457,0.46,4.7,1.0,0.054177636136898986,10272.372262773722,183100.0,0.07310806109860572,0.13492747102168393,Low consistency
MindMosaic,podcast,MindMosaic Episode 18,2026-02-06,19.7,165720,11192,2963,269457,0.46,4.7,1.0,0.08541515809799662,8412.182741116752,185054.33333333334,0.07250796419548072,0.13492747102168393,Low consistency
MindMosaic,podcast,MindMosaic Episode 19,2026-02-07,25.8,272534,13078,4522,269457,0.46,4.7,1.0,0.0645790983877241,10563.333333333334,239905.66666666666,0.06805729754087324,0.13492747102168393,Low consistency
MindMosaic,podcast,MindMosaic Episode 20,2026-02-21,29.4,103564,5896,1155,269457,0.46,4.7,14.0,0.06808350392028117,3522.5850340136058,180606.0,0.07269258680200062,0.13492747102168393,Low consistency
MindMosaic,podcast,MindMosaic Episode 21,2026-02-22,20.8,247653,9854,2955,269457,0.46,4.7,1.0,0.051721562024283976,11906.39423076923,207917.0,0.06146138811076309,0.13492747102168393,Low consistency
MindMosaic,podcast,MindMosaic Episode 22,2026-03-04,32.4,205936,13019,2464,269457,0.46,4.7,10.0,0.07518355217154844,6356.04938271605,185717.66666666666,0.06499620603870453,0.13492747102168393,Low consistency
MindMosaic,podcast,MindMosaic Episode 23,2026-03-05,30.4,227954,10304,2118,269457,0.46,4.7,1.0,0.05449345043298209,7498.486842105263,227181.0,0.06046618820960484,0.13492747102168393,Low consistency
MindMosaic,podcast,MindMosaic Episode 24,2026-03-19,27.5,244616,9385,4161,269457,0.46,4.7,14.0,0.0553765902475717,8895.127272727274,226168.66666666666,0.061684530950700735,0.13492747102168393,Low consistency
MindMosaic,podcast,MindMosaic Episode 25,2026-03-20,29.6,263785,18442,3232,269457,0.46,4.7,1.0,0.08216539985215232,8911.655405405405,245451.66666666666,0.06401181351090203,0.13492747102168393,Low consistency
MindMosaic,podcast,MindMosaic Episode 26,2026-03-21,26.3,258272,13084,3468,269457,0.46,4.7,1.0,0.06408747367116838,9820.22813688213,255557.66666666666,0.06720982125696413,0.13492747102168393,Low consistency
MindMosaic,podcast,MindMosaic Episode 27,2026-04-07,30.6,246650,15414,3173,269457,0.46,4.7,17.0,0.07535779444557064,8060.457516339869,256235.66666666666,0.07387022265629711,0.13492747102168393,Low consistency
MindMosaic,podcast,MindMosaic Episode 28,2026-04-08,27.6,192906,11864,2168,269457,0.46,4.7,1.0,0.07274009102879123,6989.347826086956,232609.33333333334,0.0707284530485101,0.13492747102168393,Low consistency
MindMosaic,podcast,MindMosaic Episode 29,2026-04-09,24.5,167488,7914,1874,269457,0.46,4.7,1.0,0.05844000764233855,6836.244897959184,202348.0,0.06884596437223346,0.13492747102168393,Low consistency
MindMosaic,podcast,MindMosaic Episode 30,2026-04-10,22.0,120564,4612,2174,269457,0.46,4.7,1.0,0.05628545834577486,5480.181818181818,160319.33333333334,0.06248851900563488,0.13492747102168393,Low consistency
StudyStream,education,StudyStream Episode 1,2025-03-20,20.2,243122,19830,3800,295741,0.434,9.05,,0.09719400136556955,12035.742574257427,243122.0,0.09719400136556955,0.07934058909792827,Low consistency
StudyStream,education,StudyStream Episode 2,2025-03-22,28.5,199210,13624,2587,295741,0.434,9.05,2.0,0.08137643692585714,6989.824561403509,221166.0,0.08928521914571334,0.07934058909792827,Low consistency
StudyStream,education,StudyStream Episode 3,2025-03-23,30.6,166665,9576,3310,295741,0.434,9.05,1.0,0.07731677316773168,5446.56862745098,202999.0,0.08529573715305279,0.07934058909792827,Low consistency
StudyStream,education,StudyStream Episode 4,2025-04-04,24.1,245153,17085,3009,295741,0.434,9.05,12.0,0.08196514013697569,10172.323651452281,203676.0,0.08021945007685484,0.07934058909792827,Low consistency
StudyStream,education,StudyStream Episode 5,2025-04-11,26.1,179365,8555,2104,295741,0.434,9.05,7.0,0.05942630948066791,6872.222222222222,197061.0,0.07290274092845843,0.07934058909792827,Low consistency
StudyStream,education,StudyStream Episode 6,2025-05-03,24.8,220418,11498,3148,295741,0.434,9.05,22.0,0.06644647896269815,8887.822580645161,214978.66666666666,0.06927930952678059,0.07934058909792827,Low consistency
StudyStream,education,StudyStream Episode 7,2025-06-01,38.6,121726,8299,1378,295741,0.434,9.05,29.0,0.0794982173077239,3153.523316062176,173836.33333333334,0.06845700191702998,0.07934058909792827,Low consistency
StudyStream,education,StudyStream Episode 8,2025-06-02,28.9,330152,26186,3668,295741,0.434,9.05,1.0,0.09042501635610264,11423.944636678201,224098.66666666666,0.07878990420884156,0.07934058909792827,Low consistency
StudyStream,education,StudyStream Episode 9,2025-06-06,33.0,314111,16126,3977,295741,0.434,9.05,4.0,0.0639996689068514,9518.515151515152,255329.66666666666,0.07797430085689265,0.07934058909792827,Low consistency
StudyStream,education,StudyStream Episode 10,2025-06-09,25.7,224321,14073,3801,295741,0.434,9.05,3.0,0.0796804579152197,8728.443579766537,289528.0,0.07803504772605792,0.07934058909792827,Low consistency
StudyStream,education,StudyStream Episode 11,2025-06-30,25.6,295419,13507,3874,295741,0.434,9.05,21.0,0.05883507831249852,11539.8046875,277950.3333333333,0.06750506837818987,0.07934058909792827,Low consistency
StudyStream,education,StudyStream Episode 12,2025-07-30,17.8,260105,20377,4117,295741,0.434,9.05,30.0,0.09416966225178293,14612.640449438202,259948.33333333334,0.07756173282650038,0.07934058909792827,Low consistency
StudyStream,education,StudyStream Episode 13,2025-08-04,23.9,253309,16354,3295,295741,0.434,9.05,5.0,0.07756929283997016,10598.702928870294,269611.0,0.07685801113475053,0.07934058909792827,Low consistency
StudyStream,education,StudyStream Episode 14,2025-08-05,29.2,202214,11862,2160,295741,0.434,9.05,1.0,0.06934237985500509,6925.13698630137,238542.66666666666,0.08036044498225271,0.07934058909792827,Low consistency
StudyStream,education,StudyStream Episode 15,2025-08-16,23.5,232219,11350,4597,295741,0.434,9.05,11.0,0.06867224473449632,9881.659574468085,229247.33333333334,0.07186130580982386,0.07934058909792827,Low consistency
StudyStream,education,StudyStream Episode 16,2025-09-09,25.5,261856,18364,4906,295741,0.434,9.05,24.0,0.0888656360747892,10268.862745098038,232096.33333333334,0.07562675355476355,0.07934058909792827,Low consistency
StudyStream,education,StudyStream Episode 17,2025-10-04,24.4,248131,16531,4535,295741,0.434,9.05,25.0,0.08489870270139563,10169.303278688525,247402.0,0.08081219450356038,0.07934058909792827,Low consistency
StudyStream,education,StudyStream Episode 18,2025-10-15,28.7,264499,13006,3555,295741,0.434,9.05,11.0,0.06261271309154288,9215.993031358885,258162.0,0.0787923506225759,0.07934058909792827,Low consistency
StudyStream,education,StudyStream Episode 19,2025-11-15,35.7,765403,51545,9916,295741,0.434,9.05,31.0,0.08029887523304717,21439.85994397759,426011.0,0.07593676367532858,0.07934058909792827,Low consistency
StudyStream,education,StudyStream Episode 20,2025-11-26,22.2,181111,9080,2363,295741,0.434,9.05,11.0,0.06318224735107199,8158.153153153154,403671.0,0.06869794522522067,0.07934058909792827,Low consistency
StudyStream,education,StudyStream Episode 21,2026-01-03,26.9,166995,8502,3316,295741,0.434,9.05,38.0,0.07076858588580497,6207.9925650557625,371169.6666666667,0.07141656948997471,0.07934058909792827,Low consistency
StudyStream,education,StudyStream Episode 22,2026-01-15,26.7,176079,11314,2600,295741,0.434,9.05,12.0,0.07902134837203754,6594.7191011235955,174728.33333333334,0.07099072720297149,0.07934058909792827,Low consistency
StudyStream,education,StudyStream Episode 23,2026-01-20,30.7,382700,28845,5041,295741,0.434,9.05,5.0,0.08854455186830415,12465.798045602605,241924.66666666666,0.07944482870871555,0.07934058909792827,Low consistency
StudyStream,education,StudyStream Episode 24,2026-01-21,28.3,192172,13400,3882,295741,0.434,9.05,1.0,0.08992985450533897,6790.530035335689,250317.0,0.08583191824856022,0.07934058909792827,Low consistency
StudyStream,education,StudyStream Episode 25,2026-02-21,39.0,187715,13809,2333,295741,0.434,9.05,31.0,0.08599206243507444,4813.205128205128,254195.66666666666,0.08815548960290585,0.07934058909792827,Low consistency
StudyStream,education,StudyStream Episode 26,2026-03-17,36.9,216571,13100,3419,295741,0.434,9.05,24.0,0.07627521690346353,5869.132791327914,198819.33333333334,0.08406571128129231,0.07934058909792827,Low consistency
StudyStream,education,StudyStream Episode 27,2026-04-03,26.5,310885,17190,5147,295741,0.434,9.05,17.0,0.07184971934959873,11731.509433962265,238390.33333333334,0.07803899956271224,0.07934058909792827,Low consistency
StudyStream,education,StudyStream Episode 28,2026-04-04,27.2,193159,12093,3099,295741,0.434,9.05,1.0,0.07865023115671545,7101.433823529412,240205.0,0.0755917224699259,0.07934058909792827,Low consistency
StudyStream,education,StudyStream Episode 29,2026-04-05,28.0,189201,8842,3942,295741,0.434,9.05,1.0,0.06756835323280533,6757.178571428572,231081.66666666666,0.0726894345797065,0.07934058909792827,Low consistency
StudyStream,education,StudyStream Episode 30,2026-04-10,26.7,250888,18841,3296,295741,0.434,9.05,5.0,0.08823459073371386,9396.554307116105,211082.66666666666,0.07815105837441154,0.07934058909792827,Low consistency
TheExplainer,education,TheExplainer Episode 1,2025-09-20,6.2,114297,8147,1451,257097,0.657,5.69,,0.08397420754700473,18435.0,114297.0,0.08397420754700473,0.1463291571110607,High consistency
TheExplainer,education,TheExplainer Episode 2,2025-09-28,10.9,146496,11278,1596,257097,0.657,5.69,8.0,0.08787953254696373,13440.0,130396.5,0.08592687004698424,0.1463291571110607,High consistency
TheExplainer,education,TheExplainer Episode 3,2025-10-01,13.9,74105,6924,1116,257097,0.657,5.69,3.0,0.10849470346130491,5331.294964028777,111632.66666666667,0.09344948118509112,0.1463291571110607,High consistency
TheExplainer,education,TheExplainer Episode 4,2025-10-03,5.1,118629,9663,2181,257097,0.657,5.69,2.0,0.09984067976633032,23260.58823529412,113076.66666666667,0.09873830525819965,0.1463291571110607,High consistency
TheExplainer,education,TheExplainer Episode 5,2025-10-21,17.0,111065,7373,2103,257097,0.657,5.69,18.0,0.08531940755413496,6533.235294117647,101266.33333333333,0.09788493026059004,0.1463291571110607,High consistency
TheExplainer,education,TheExplainer Episode 6,2025-11-06,4.8,139660,11803,2605,257097,0.657,5.69,16.0,0.10316482887011313,29095.833333333336,123118.0,0.09610830539685948,0.1463291571110607,High consistency
TheExplainer,education,TheExplainer Episode 7,2025-11-07,12.4,159691,13657,2605,257097,0.657,5.69,1.0,0.1018341672354735,12878.306451612903,136805.33333333334,0.09677280121990721,0.1463291571110607,High consistency
TheExplainer,education,TheExplainer Episode 8,2025-11-14,14.0,159907,9813,3031,257097,0.657,5.69,7.0,0.08032168698055744,11421.92857142857,153086.0,0.09510689436204804,0.1463291571110607,High consistency
TheExplainer,education,TheExplainer Episode 9,2025-11-24,9.6,105603,9341,1235,257097,0.657,5.69,10.0,0.10014867001884416,11000.3125,141733.66666666666,0.0941015080782917,0.1463291571110607,High consistency
TheExplainer,education,TheExplainer Episode 10,2025-11-26,11.1,164066,15186,2492,257097,0.657,5.69,2.0,0.10774932039545061,14780.720720720721,143192.0,0.09607322579828408,0.1463291571110607,High consistency
TheExplainer,education,TheExplainer Episode 11,2025-12-05,11.4,144289,9531,2376,257097,0.657,5.69,9.0,0.08252188316503684,12656.929824561403,137986.0,0.09680662452644388,0.1463291571110607,High consistency
TheExplainer,education,TheExplainer Episode 12,2025-12-06,10.6,131433,11847,1466,257097,0.657,5.69,1.0,0.1012911521459603,12399.33962264151,146596.0,0.09718745190214924,0.1463291571110607,High consistency
TheExplainer,education,TheExplainer Episode 13,2025-12-08,11.7,185358,12948,3050,257097,0.657,5.69,2.0,0.08630865676151016,15842.564102564103,153693.33333333334,0.0900405640241691,0.1463291571110607,High consistency
TheExplainer,education,TheExplainer Episode 14,2025-12-23,18.3,166311,9774,3247,257097,0.657,5.69,15.0,0.07829307742722971,9088.032786885246,161034.0,0.08863096211156672,0.1463291571110607,High consistency
TheExplainer,education,TheExplainer Episode 15,2026-01-06,8.2,99551,8643,1071,257097,0.657,5.69,14.0,0.09757812578477364,12140.365853658537,150406.66666666666,0.08739328665783784,0.1463291571110607,High consistency
TheExplainer,education,TheExplainer Episode 16,2026-01-07,11.4,140633,9850,2297,257097,0.657,5.69,1.0,0.08637375295983162,12336.228070175439,135498.33333333334,0.08741498539061165,0.1463291571110607,High consistency
TheExplainer,education,TheExplainer Episode 17,2026-01-09,7.6,165807,9146,1708,257097,0.657,5.69,2.0,0.06546165119687347,21816.71052631579,135330.33333333334,0.08313784331382625,0.1463291571110607,High consistency
TheExplainer,education,TheExplainer Episode 18,2026-01-11,12.3,112932,8656,2015,257097,0.657,5.69,2.0,0.0944904898523005,9181.463414634145,139790.66666666666,0.0821086313363352,0.1463291571110607,High consistency
TheExplainer,education,TheExplainer Episode 19,2026-01-13,7.6,107504,7929,1572,257097,0.657,5.69,2.0,0.08837810686114005,14145.263157894737,128747.66666666667,0.08277674930343802,0.1463291571110607,High consistency
TheExplainer,education,TheExplainer Episode 20,2026-01-14,19.8,92863,8435,1585,257097,0.657,5.69,1.0,0.10790088625179027,4690.050505050505,104433.0,0.09692316098841029,0.1463291571110607,High consistency
TheExplainer,education,TheExplainer Episode 21,2026-02-05,16.0,86650,8496,1005,257097,0.657,5.69,22.0,0.10964800923254472,5415.625,95672.33333333333,0.10197566744849168,0.1463291571110607,High consistency
TheExplainer,education,TheExplainer Episode 22,2026-02-13,17.0,133174,13014,1905,257097,0.657,5.69,8.0,0.11202637151395918,7833.764705882353,104229.0,0.10985842233276472,0.1463291571110607,High consistency
TheExplainer,education,TheExplainer Episode 23,2026-02-22,4.3,111454,11100,1583,257097,0.657,5.69,9.0,0.11379582608071491,25919.53488372093,110426.0,0.11182340227573961,0.1463291571110607,High consistency
TheExplainer,education,TheExplainer Episode 24,2026-03-01,18.7,199659,12913,2441,257097,0.657,5.69,7.0,0.07690111640346792,10676.951871657755,148095.66666666666,0.100907771332714,0.1463291571110607,High consistency
TheExplainer,education,TheExplainer Episode 25,2026-03-09,10.8,127522,11993,1893,257097,0.657,5.69,8.0,0.10889101488370634,11807.592592592591,146211.66666666666,0.09986265245596306,0.1463291571110607,High consistency
TheExplainer,education,TheExplainer Episode 26,2026-03-10,9.3,201402,12611,3793,257097,0.657,5.69,1.0,0.08144904221407931,21656.129032258064,176194.33333333334,0.08908039116708451,0.1463291571110607,High consistency
TheExplainer,education,TheExplainer Episode 27,2026-03-20,14.0,187864,16770,3079,257097,0.657,5.69,10.0,0.1056562193927522,13418.857142857143,172262.66666666666,0.09866542549684594,0.1463291571110607,High consistency
TheExplainer,education,TheExplainer Episode 28,2026-03-25,14.0,100292,5569,1941,257097,0.657,5.69,5.0,0.07488134646831253,7163.714285714285,163186.0,0.08732886935838136,0.1463291571110607,High consistency
TheExplainer,education,TheExplainer Episode 29,2026-03-29,16.7,148157,8809,1680,257097,0.657,5.69,4.0,0.0707965199079355,8871.676646706586,145437.66666666666,0.08377802858966675,0.1463291571110607,High consistency
TheExplainer,education,TheExplainer Episode 30,2026-04-10,12.9,164819,12188,1994,257097,0.657,5.69,12.0,0.0860459049017407,12776.666666666666,137756.0,0.0772412570926629,0.1463291571110607,High consistency
ThinkCast,podcast,ThinkCast Episode 1,2025-12-17,17.4,152290,5539,2539,228771,0.695,3.45,,0.0530435353601681,8752.298850574713,152290.0,0.0530435353601681,0.26389357305560507,High consistency
ThinkCast,podcast,ThinkCast Episode 2,2025-12-23,25.7,116336,6733,1486,228771,0.695,3.45,6.0,0.07064881034245633,4526.692607003891,134313.0,0.06184617285131222,0.26389357305560507,High consistency
ThinkCast,podcast,ThinkCast Episode 3,2025-12-24,22.3,136859,4983,1276,228771,0.695,3.45,1.0,0.04573319986263234,6137.174887892376,135161.66666666666,0.05647518185508559,0.26389357305560507,High consistency
ThinkCast,podcast,ThinkCast Episode 4,2025-12-28,31.2,91646,3545,1509,228771,0.695,3.45,4.0,0.055146978591537,2937.371794871795,114947.0,0.057176329598875225,0.26389357305560507,High consistency
ThinkCast,podcast,ThinkCast Episode 5,2026-01-04,15.1,141181,7518,1861,228771,0.695,3.45,7.0,0.06643245195883299,9349.735099337748,123228.66666666667,0.0557708768043341,0.26389357305560507,High consistency
ThinkCast,podcast,ThinkCast Episode 6,2026-01-13,17.6,111595,6139,1206,228771,0.695,3.45,9.0,0.0658183610376809,6340.624999999999,114807.33333333333,0.06246593052935029,0.26389357305560507,High consistency
ThinkCast,podcast,ThinkCast Episode 7,2026-01-19,14.7,250391,10404,3222,228771,0.695,3.45,6.0,0.05441888885782636,17033.40136054422,167722.33333333334,0.062223233951446744,0.26389357305560507,High consistency
ThinkCast,podcast,ThinkCast Episode 8,2026-01-20,23.1,157867,8721,2420,228771,0.695,3.45,1.0,0.07057206382587874,6834.069264069263,173284.33333333334,0.06360310457379532,0.26389357305560507,High consistency
ThinkCast,podcast,ThinkCast Episode 9,2026-01-26,11.0,104399,6561,955,228771,0.695,3.45,6.0,0.07199302675312982,9490.818181818182,170885.66666666666,0.06566132647894497,0.26389357305560507,High consistency
ThinkCast,podcast,ThinkCast Episode 10,2026-02-05,15.8,142811,7271,1807,228771,0.695,3.45,10.0,0.06356653198983271,9038.670886075948,135025.66666666666,0.06871054085628042,0.26389357305560507,High consistency
ThinkCast,podcast,ThinkCast Episode 11,2026-02-07,19.8,166865,10063,2087,228771,0.695,3.45,2.0,0.07281335211098793,8427.525252525253,138025.0,0.0694576369513168,0.26389357305560507,High consistency
ThinkCast,podcast,ThinkCast Episode 12,2026-02-08,29.2,96760,4965,1628,228771,0.695,3.45,1.0,0.06813766019016122,3313.6986301369866,135478.66666666666,0.06817251476366061,0.26389357305560507,High consistency
ThinkCast,podcast,ThinkCast Episode 13,2026-02-09,23.0,137799,7637,1372,228771,0.695,3.45,1.0,0.0653778329305728,5991.260869565217,133808.0,0.0687762817439073,0.26389357305560507,High consistency
ThinkCast,podcast,ThinkCast Episode 14,2026-02-12,14.0,156533,9478,1624,228771,0.695,3.45,3.0,0.07092434183207375,11180.92857142857,130364.0,0.06814661165093591,0.26389357305560507,High consistency
ThinkCast,podcast,ThinkCast Episode 15,2026-02-13,21.9,124011,5115,2041,228771,0.695,3.45,1.0,0.05770455846658764,5662.602739726028,139447.66666666666,0.06466891107641139,0.26389357305560507,High consistency
ThinkCast,podcast,ThinkCast Episode 16,2026-02-17,18.8,125640,6163,1502,228771,0.695,3.45,4.0,0.06100764087870105,6682.978723404255,135394.66666666666,0.06321218039245413,0.26389357305560507,High consistency
ThinkCast,podcast,ThinkCast Episode 17,2026-02-21,14.5,119973,7476,1328,228771,0.695,3.45,4.0,0.07338317788169005,8274.0,123208.0,0.06403179240899291,0.26389357305560507,High consistency
ThinkCast,podcast,ThinkCast Episode 18,2026-02-24,21.9,154296,6715,2407,228771,0.695,3.45,3.0,0.05912013273189195,7045.479452054795,133303.0,0.06450365049742766,0.26389357305560507,High consistency
ThinkCast,podcast,ThinkCast Episode 19,2026-03-03,12.5,191791,8413,3086,228771,0.695,3.45,7.0,0.05995588948386525,15343.28,155353.33333333334,0.06415306669914907,0.26389357305560507,High consistency
ThinkCast,podcast,ThinkCast Episode 20,2026-03-12,18.9,111561,4606,1587,228771,0.695,3.45,9.0,0.05551223097677504,5902.698412698413,152549.33333333334,0.058196084397510735,0.26389357305560507,High consistency
ThinkCast,podcast,ThinkCast Episode 21,2026-03-13,16.1,90789,3187,1387,228771,0.695,3.45,1.0,0.05038055271013008,5639.068322981366,131380.33333333334,0.055282891056923446,0.26389357305560507,High consistency
ThinkCast,podcast,ThinkCast Episode 22,2026-03-16,22.9,160086,7665,2597,228771,0.695,3.45,3.0,0.06410304461352023,6990.655021834062,120812.0,0.05666527610014178,0.26389357305560507,High consistency
ThinkCast,podcast,ThinkCast Episode 23,2026-03-19,22.1,187761,7517,1837,228771,0.695,3.45,3.0,0.04981865243580935,8495.972850678732,146212.0,0.054767416586486546,0.26389357305560507,High consistency
ThinkCast,podcast,ThinkCast Episode 24,2026-03-20,26.8,105528,3767,1421,228771,0.695,3.45,1.0,0.049162307633992874,3937.6119402985073,151125.0,0.05436133489444081,0.26389357305560507,High consistency
ThinkCast,podcast,ThinkCast Episode 25,2026-03-25,19.6,193655,8377,2568,228771,0.695,3.45,5.0,0.05651803464924737,9880.357142857141,162314.66666666666,0.05183299823968319,0.26389357305560507,High consistency
ThinkCast,podcast,ThinkCast Episode 26,2026-03-31,15.1,78257,3002,1368,228771,0.695,3.45,6.0,0.05584164994824744,5182.582781456954,125813.33333333333,0.05384066407716256,0.26389357305560507,High consistency
ThinkCast,podcast,ThinkCast Episode 27,2026-04-06,21.0,183094,8660,2441,228771,0.695,3.45,6.0,0.060630058876861063,8718.761904761905,151668.66666666666,0.05766324782478529,0.26389357305560507,High consistency
ThinkCast,podcast,ThinkCast Episode 28,2026-04-07,22.6,136638,7308,1370,228771,0.695,3.45,1.0,0.06351088277053235,6045.929203539823,132663.0,0.05999419719854695,0.26389357305560507,High consistency
ThinkCast,podcast,ThinkCast Episode 29,2026-04-08,15.6,161336,10056,1552,228771,0.695,3.45,1.0,0.07194922397976893,10342.051282051283,160356.0,0.06536338854238744,0.26389357305560507,High consistency
ThinkCast,podcast,ThinkCast Episode 30,2026-04-10,23.5,166755,7834,2741,228771,0.695,3.45,2.0,0.06341638931366375,7095.95744680851,154909.66666666666,0.066292165354655,0.26389357305560507,High consistency
